[
  {
    "id": "quiz-1709712998080",
    "title": "Test Title",
    "description": "Test Description",
    "questions": [
      {
        "": "15",
        "question": "Test Q1",
        "answer1": "A1",
        "correct1": false,
        "answer2": "A2",
        "correct2": false,
        "answer3": "A3",
        "correct3": true,
        "answer4": "A4",
        "correct4": false
      },
      {
        "": "30",
        "question": "TF",
        "true-false": "false"
      },
      {
        "": "15",
        "pair1-1": "M1",
        "pair1-2": "M2",
        "pair2-1": "M3",
        "pair2-2": "M4"
      }
    ]
  },
  {
    "id": "quiz-1709713168218",
    "title": "quiz 2",
    "description": "description 2",
    "questions": [
      {
        "": "45",
        "question": "question",
        "answer1": "answer",
        "correct1": true,
        "answer2": "a2",
        "correct2": false,
        "answer3": "a3",
        "correct3": false,
        "answer4": "a4",
        "correct4": false
      },
      {
        "": "15",
        "question": "test",
        "true-false": "false"
      },
      {
        "": "60",
        "pair1-1": "1",
        "pair1-2": "11",
        "pair2-1": "2",
        "pair2-2": "22",
        "pair3-1": "3",
        "pair3-2": "33",
        "pair4-1": "4",
        "pair4-2": "44",
        "pair5-1": "5",
        "pair5-2": "55"
      }
    ]
  },
  {
    "id": "quiz-1710947665266",
    "title": "Math quiz 1",
    "description": "basic math quiz ",
    "questions": [
      {
        "": "15",
        "question": "Is 4 + 4 = 9",
        "true-false": "false"
      },
      {
        "": "15",
        "question": "What is 10 * 12",
        "answer1": "100",
        "correct1": false,
        "answer2": "120",
        "correct2": true,
        "answer3": "1200",
        "correct3": false,
        "answer4": "12",
        "correct4": false
      },
      {
        "": "15",
        "question": "What is the equivalent expression to 5 * 5 - 4",
        "answer1": "7 * 3",
        "correct1": true,
        "answer2": "20 + (2 * 2) - 3",
        "correct2": true,
        "answer3": "4 * 6",
        "correct3": false,
        "answer4": "7 * 8",
        "correct4": false
      }
    ]
  },
  {
    "id": "quiz-1710948427271",
    "title": "1",
    "description": "1",
    "questions": [
      {
        "": "15",
        "question": "1",
        "answer1": "",
        "correct1": false,
        "answer2": "",
        "correct2": false,
        "answer3": "",
        "correct3": false,
        "answer4": "",
        "correct4": false
      },
      {
        "": "15",
        "question": "",
        "true-false": "true"
      },
      {
        "": "15",
        "pair1-1": "",
        "pair1-2": "",
        "pair2-1": "",
        "pair2-2": ""
      },
      {
        "": "15",
        "pair1-1": "",
        "pair1-2": "",
        "pair2-1": "",
        "pair2-2": ""
      },
      {
        "": "15",
        "pair1-1": "",
        "pair1-2": "",
        "pair2-1": "",
        "pair2-2": ""
      },
      {
        "": "15",
        "pair1-1": "",
        "pair1-2": "",
        "pair2-1": "",
        "pair2-2": ""
      },
      {
        "": "15",
        "pair1-1": "",
        "pair1-2": "",
        "pair2-1": "",
        "pair2-2": ""
      },
      {
        "": "15",
        "pair1-1": "",
        "pair1-2": "",
        "pair2-1": "",
        "pair2-2": ""
      },
      {
        "": "15",
        "pair1-1": "",
        "pair1-2": "",
        "pair2-1": "",
        "pair2-2": ""
      },
      {
        "": "15",
        "pair1-1": "",
        "pair1-2": "",
        "pair2-1": "",
        "pair2-2": ""
      },
      {
        "": "15",
        "pair1-1": "",
        "pair1-2": "",
        "pair2-1": "",
        "pair2-2": ""
      },
      {
        "": "15",
        "pair1-1": "",
        "pair1-2": "",
        "pair2-1": "",
        "pair2-2": ""
      }
    ]
  },
  {
    "id": "quiz-1710948446369",
    "title": "1",
    "description": "1",
    "questions": [
      {
        "": "15",
        "question": "1",
        "answer1": "",
        "correct1": false,
        "answer2": "",
        "correct2": false,
        "answer3": "",
        "correct3": false,
        "answer4": "",
        "correct4": false
      },
      {
        "": "15",
        "question": "",
        "true-false": "true"
      },
      {
        "": "15",
        "pair1-1": "",
        "pair1-2": "",
        "pair2-1": "",
        "pair2-2": ""
      },
      {
        "": "15",
        "pair1-1": "",
        "pair1-2": "",
        "pair2-1": "",
        "pair2-2": ""
      },
      {
        "": "15",
        "pair1-1": "",
        "pair1-2": "",
        "pair2-1": "",
        "pair2-2": ""
      },
      {
        "": "15",
        "pair1-1": "",
        "pair1-2": "",
        "pair2-1": "",
        "pair2-2": ""
      },
      {
        "": "15",
        "pair1-1": "",
        "pair1-2": "",
        "pair2-1": "",
        "pair2-2": ""
      },
      {
        "": "15",
        "pair1-1": "",
        "pair1-2": "",
        "pair2-1": "",
        "pair2-2": ""
      },
      {
        "": "15",
        "pair1-1": "",
        "pair1-2": "",
        "pair2-1": "",
        "pair2-2": ""
      },
      {
        "": "15",
        "pair1-1": "",
        "pair1-2": "",
        "pair2-1": "",
        "pair2-2": ""
      },
      {
        "": "15",
        "pair1-1": "",
        "pair1-2": "",
        "pair2-1": "",
        "pair2-2": ""
      },
      {
        "": "15",
        "pair1-1": "",
        "pair1-2": "",
        "pair2-1": "",
        "pair2-2": ""
      }
    ]
  }
]